{"cameraMode":{"drawMode":0,"name":"Shaded","section":"Shading Mode"},"sceneLighting":false,"audioPlay":false,"sceneViewState":{"showFog":true,"showMaterialUpdate":false,"showSkybox":false,"showFlares":true,"showImageEffects":true,"showParticleSystems":true},"in2DMode":false,"pivot":{"x":-2.799999952316284,"y":2.490000009536743,"z":4.380000114440918},"rotation":{"x":-0.18100163340568543,"y":-0.41081956028938296,"z":0.08357436209917069,"w":-0.8896522521972656},"size":1.8447562456130982,"orthographic":false}