{"cameraMode":{"drawMode":0,"name":"Shaded","section":"Shading Mode"},"sceneLighting":true,"audioPlay":false,"sceneViewState":{"showFog":true,"showMaterialUpdate":false,"showSkybox":true,"showFlares":true,"showImageEffects":true,"showParticleSystems":true},"in2DMode":false,"pivot":{"x":344.4259033203125,"y":369.5934753417969,"z":-26.16632652282715},"rotation":{"x":-0.20039011538028718,"y":-0.03790700435638428,"z":0.007759673986583948,"w":-0.9789518713951111},"size":1012.8631591796875,"orthographic":false}